{
  "image": "kmnist_test_003_y8.png",
  "true_y": 8,
  "baseline": {
    "pred_id": 8,
    "confidence": 0.999406099319458,
    "topk": [
      [
        8,
        0.999406099319458
      ],
      [
        5,
        0.00035254860995337367
      ],
      [
        9,
        0.00012210948625579476
      ]
    ]
  },
  "hybrid": {
    "pred_id": 8,
    "confidence": 0.9992464780807495,
    "topk": [
      [
        8,
        0.9992464780807495
      ],
      [
        6,
        0.0006771335029043257
      ],
      [
        3,
        3.370843842276372e-05
      ]
    ]
  },
  "out_png": "examples/compare_outputs/baseline_20260117_223342__vs__hybrid_20260117_223851/kmnist_test_003_y8__compare.png"
}