{
  "image": "kmnist_test_011_y3.png",
  "true_y": 3,
  "baseline": {
    "pred_id": 3,
    "confidence": 0.9988740086555481,
    "topk": [
      [
        3,
        0.9988740086555481
      ],
      [
        5,
        0.0010315643157809973
      ],
      [
        1,
        4.4208831241121516e-05
      ]
    ]
  },
  "hybrid": {
    "pred_id": 3,
    "confidence": 0.9987497329711914,
    "topk": [
      [
        3,
        0.9987497329711914
      ],
      [
        5,
        0.000994761474430561
      ],
      [
        1,
        0.0001491713192081079
      ]
    ]
  },
  "out_png": "examples/compare_outputs/baseline_20260117_223342__vs__hybrid_20260117_223851/kmnist_test_011_y3__compare.png"
}