{
  "image": "kmnist_test_004_y3.png",
  "true_y": 3,
  "baseline": {
    "pred_id": 3,
    "confidence": 0.9991963505744934,
    "topk": [
      [
        3,
        0.9991963505744934
      ],
      [
        5,
        0.0007216118392534554
      ],
      [
        2,
        3.424421447562054e-05
      ]
    ]
  },
  "hybrid": {
    "pred_id": 3,
    "confidence": 0.9972195625305176,
    "topk": [
      [
        3,
        0.9972195625305176
      ],
      [
        5,
        0.0020634853281080723
      ],
      [
        1,
        0.00031271876650862396
      ]
    ]
  },
  "out_png": "examples/compare_outputs/baseline_20260117_223342__vs__hybrid_20260117_223851/kmnist_test_004_y3__compare.png"
}