{
  "image": "kmnist_test_006_y8.png",
  "true_y": 8,
  "baseline": {
    "pred_id": 8,
    "confidence": 0.9995660185813904,
    "topk": [
      [
        8,
        0.9995660185813904
      ],
      [
        5,
        0.0002576681727077812
      ],
      [
        9,
        9.320488607045263e-05
      ]
    ]
  },
  "hybrid": {
    "pred_id": 8,
    "confidence": 0.9989758729934692,
    "topk": [
      [
        8,
        0.9989758729934692
      ],
      [
        5,
        0.0006961246835999191
      ],
      [
        1,
        0.0002265387010993436
      ]
    ]
  },
  "out_png": "examples/compare_outputs/baseline_20260117_223342__vs__hybrid_20260117_223851/kmnist_test_006_y8__compare.png"
}