{
  "image": "kmnist_test_005_y3.png",
  "true_y": 3,
  "baseline": {
    "pred_id": 3,
    "confidence": 0.9995274543762207,
    "topk": [
      [
        3,
        0.9995274543762207
      ],
      [
        0,
        0.00027479755226522684
      ],
      [
        4,
        0.00013055602903477848
      ]
    ]
  },
  "hybrid": {
    "pred_id": 3,
    "confidence": 0.9953437447547913,
    "topk": [
      [
        3,
        0.9953437447547913
      ],
      [
        5,
        0.0026559450197964907
      ],
      [
        8,
        0.0012805762235075235
      ]
    ]
  },
  "out_png": "examples/compare_outputs/baseline_20260117_223342__vs__hybrid_20260117_223851/kmnist_test_005_y3__compare.png"
}