{
  "image": "kmnist_test_000_y2.png",
  "true_y": 2,
  "baseline": {
    "pred_id": 3,
    "confidence": 0.9816735982894897,
    "topk": [
      [
        3,
        0.9816735982894897
      ],
      [
        2,
        0.012995162047445774
      ],
      [
        5,
        0.0017067959997802973
      ]
    ]
  },
  "hybrid": {
    "pred_id": 3,
    "confidence": 0.9899849891662598,
    "topk": [
      [
        3,
        0.9899849891662598
      ],
      [
        2,
        0.0026688557118177414
      ],
      [
        5,
        0.0018530512461438775
      ]
    ]
  },
  "out_png": "examples/compare_outputs/baseline_20260117_223342__vs__hybrid_20260117_223851/kmnist_test_000_y2__compare.png"
}