{
  "image": "kmnist_test_001_y9.png",
  "true_y": 9,
  "baseline": {
    "pred_id": 9,
    "confidence": 0.9995813965797424,
    "topk": [
      [
        9,
        0.9995813965797424
      ],
      [
        2,
        0.00012920772132929415
      ],
      [
        6,
        0.0001261154975509271
      ]
    ]
  },
  "hybrid": {
    "pred_id": 9,
    "confidence": 0.9996401071548462,
    "topk": [
      [
        9,
        0.9996401071548462
      ],
      [
        1,
        0.0002935618394985795
      ],
      [
        0,
        4.3667456338880584e-05
      ]
    ]
  },
  "out_png": "examples/compare_outputs/baseline_20260117_223342__vs__hybrid_20260117_223851/kmnist_test_001_y9__compare.png"
}