{
  "image": "kmnist_test_010_y6.png",
  "true_y": 6,
  "baseline": {
    "pred_id": 6,
    "confidence": 0.9988870024681091,
    "topk": [
      [
        6,
        0.9988870024681091
      ],
      [
        1,
        0.0005090876948088408
      ],
      [
        2,
        0.0004255262902006507
      ]
    ]
  },
  "hybrid": {
    "pred_id": 6,
    "confidence": 0.9956037998199463,
    "topk": [
      [
        6,
        0.9956037998199463
      ],
      [
        8,
        0.0018991900142282248
      ],
      [
        9,
        0.0010404078057035804
      ]
    ]
  },
  "out_png": "examples/compare_outputs/baseline_20260117_223342__vs__hybrid_20260117_223851/kmnist_test_010_y6__compare.png"
}