{
  "image": "kmnist_test_007_y3.png",
  "true_y": 3,
  "baseline": {
    "pred_id": 3,
    "confidence": 0.9968552589416504,
    "topk": [
      [
        3,
        0.9968552589416504
      ],
      [
        5,
        0.0017423206008970737
      ],
      [
        4,
        0.0004248163022566587
      ]
    ]
  },
  "hybrid": {
    "pred_id": 3,
    "confidence": 0.994041383266449,
    "topk": [
      [
        3,
        0.994041383266449
      ],
      [
        5,
        0.0036163057666271925
      ],
      [
        8,
        0.0010819945018738508
      ]
    ]
  },
  "out_png": "examples/compare_outputs/baseline_20260117_223342__vs__hybrid_20260117_223851/kmnist_test_007_y3__compare.png"
}