{
  "image": "kmnist_test_008_y2.png",
  "true_y": 2,
  "baseline": {
    "pred_id": 2,
    "confidence": 0.9278207421302795,
    "topk": [
      [
        2,
        0.9278207421302795
      ],
      [
        7,
        0.02290220558643341
      ],
      [
        6,
        0.022216029465198517
      ]
    ]
  },
  "hybrid": {
    "pred_id": 2,
    "confidence": 0.9475066661834717,
    "topk": [
      [
        2,
        0.9475066661834717
      ],
      [
        9,
        0.023065926507115364
      ],
      [
        6,
        0.017925992608070374
      ]
    ]
  },
  "out_png": "examples/compare_outputs/baseline_20260117_223342__vs__hybrid_20260117_223851/kmnist_test_008_y2__compare.png"
}