{
  "image": "kmnist_test_002_y3.png",
  "true_y": 3,
  "baseline": {
    "pred_id": 3,
    "confidence": 0.9996299743652344,
    "topk": [
      [
        3,
        0.9996299743652344
      ],
      [
        0,
        0.00021164404461160302
      ],
      [
        4,
        9.441146539757028e-05
      ]
    ]
  },
  "hybrid": {
    "pred_id": 3,
    "confidence": 0.9985981583595276,
    "topk": [
      [
        3,
        0.9985981583595276
      ],
      [
        5,
        0.0010619903914630413
      ],
      [
        1,
        0.0002486438606865704
      ]
    ]
  },
  "out_png": "examples/compare_outputs/baseline_20260117_223342__vs__hybrid_20260117_223851/kmnist_test_002_y3__compare.png"
}