{
  "image": "kmnist_test_009_y5.png",
  "true_y": 5,
  "baseline": {
    "pred_id": 5,
    "confidence": 0.9982093572616577,
    "topk": [
      [
        5,
        0.9982093572616577
      ],
      [
        3,
        0.0008304278017021716
      ],
      [
        0,
        0.0004594156052917242
      ]
    ]
  },
  "hybrid": {
    "pred_id": 5,
    "confidence": 0.9997668862342834,
    "topk": [
      [
        5,
        0.9997668862342834
      ],
      [
        8,
        0.0001234107039636001
      ],
      [
        4,
        5.9754391259048134e-05
      ]
    ]
  },
  "out_png": "examples/compare_outputs/baseline_20260117_223342__vs__hybrid_20260117_223851/kmnist_test_009_y5__compare.png"
}