{
  "train_loss": [
    1.9760371613276513,
    1.187231023729695,
    0.7900206788456271,
    0.4706451933107105,
    0.2772975149100991,
    0.194378578037871,
    0.1539490649308921,
    0.12525982500640984,
    0.10592219268382302,
    0.09093131893424768,
    0.08421460888679559,
    0.07168388891947496,
    0.06586594525636373,
    0.06214221718862335,
    0.05561375169533689
  ],
  "val_loss": [
    1.4665350457455248,
    0.9329157141928978,
    0.5573526735001422,
    0.30609444481261233,
    0.19288948669712594,
    0.15006703558437368,
    0.13838617860319766,
    0.12329398373022993,
    0.11493524358152075,
    0.11951062804523935,
    0.12080743647319206,
    0.11588047454728091,
    0.11810533127727661,
    0.11914850908153235,
    0.12749327235716454
  ],
  "val_acc": [
    0.46266666666666667,
    0.6351666666666667,
    0.8323333333333334,
    0.9453333333333334,
    0.96,
    0.9673333333333334,
    0.9678333333333333,
    0.9705,
    0.9735,
    0.9731666666666666,
    0.9726666666666667,
    0.9743333333333334,
    0.9745,
    0.9751666666666666,
    0.9746666666666667
  ],
  "val_f1_macro": [
    0.3677325643698731,
    0.575757659600245,
    0.8011356553521498,
    0.9452984720533696,
    0.9599290875377372,
    0.9673559690986806,
    0.967851681727238,
    0.9705098132220538,
    0.9734830491077593,
    0.9731400085569945,
    0.9725932818329476,
    0.9743340350368541,
    0.9744197142825334,
    0.9750828562559904,
    0.9744964901609942
  ],
  "config": {
    "model": "hybrid",
    "epochs": 15,
    "batch_size": 128,
    "lr": 0.0005,
    "weight_decay": 0.0,
    "seed": 42,
    "num_workers": 2,
    "val_fraction": 0.1,
    "device": "cpu",
    "n_qubits": 8,
    "n_layers": 3
  },
  "device": "cpu"
}