{
  "train_loss": [
    2.067596450518658,
    1.6208143528038856,
    1.2192217611588574,
    0.7431012516338114,
    0.6035084426403046,
    0.4397200586812756,
    0.3221566117770299,
    0.23817008052250785,
    0.17381183135707232,
    0.13777413100922278,
    0.11772423192540898,
    0.10620536275596415,
    0.09782833563631745,
    0.08763527215162725,
    0.07768625311412235
  ],
  "val_loss": [
    1.7470074815953032,
    1.4555344556240326,
    0.8259413432567677,
    0.6462913092146528,
    0.5234244060009083,
    0.3607531272350474,
    0.28256272318515374,
    0.20701177893800937,
    0.1787039008229337,
    0.15577563025215838,
    0.15900246347201633,
    0.1640336870988633,
    0.16545935545830018,
    0.15638105864537524,
    0.14129388708859048
  ],
  "val_acc": [
    0.19866666666666666,
    0.33066666666666666,
    0.604,
    0.6565,
    0.8136666666666666,
    0.854,
    0.9115,
    0.958,
    0.9623333333333334,
    0.9673333333333334,
    0.9685,
    0.968,
    0.9688333333333333,
    0.9686666666666667,
    0.9708333333333333
  ],
  "val_f1_macro": [
    0.07780907805986875,
    0.22143645947038135,
    0.5518885450175671,
    0.5904050184825925,
    0.804082641220843,
    0.8330489551557425,
    0.909993672256577,
    0.9582072247096696,
    0.9624983146828848,
    0.967530152082885,
    0.9686643629251719,
    0.9680951423619604,
    0.9689768711045541,
    0.968713721222761,
    0.9709218780632503
  ],
  "config": {
    "model": "hybrid",
    "epochs": 15,
    "batch_size": 128,
    "lr": 0.0005,
    "weight_decay": 0.0,
    "seed": 42,
    "num_workers": 2,
    "val_fraction": 0.1,
    "device": "cpu",
    "n_qubits": 6,
    "n_layers": 1
  },
  "device": "cpu"
}