{
  "train_loss": [
    0.5067767218037804,
    0.16782150248074418,
    0.1157547562334563,
    0.08668158958573335,
    0.06933761527320433
  ],
  "val_loss": [
    0.20290172734159104,
    0.11864230607418304,
    0.09687925027088916,
    0.0856086208703036,
    0.07703385922185918
  ],
  "val_acc": [
    0.939,
    0.9635,
    0.9695,
    0.9763333333333334,
    0.978
  ],
  "val_f1_macro": [
    0.9386044967696365,
    0.9633832742234075,
    0.9693067285775727,
    0.9762210509667841,
    0.9779255961024476
  ],
  "config": {
    "model": "baseline",
    "epochs": 5,
    "batch_size": 128,
    "lr": 0.001,
    "weight_decay": 0.0,
    "seed": 42,
    "num_workers": 2,
    "val_fraction": 0.1,
    "n_qubits": 6,
    "n_layers": 2
  },
  "device": "mps"
}