{
  "train_loss": [
    1.905752402346281,
    1.129629295725393,
    0.7689244187838659,
    0.5404990604985946,
    0.38473010349188935,
    0.26905355154055555,
    0.205636982033603,
    0.17218339587098333,
    0.1449617467891266,
    0.12591819328330986,
    0.10611408544148172,
    0.09377028627577128,
    0.08812270176009897,
    0.08112309985436605,
    0.07402651540281789
  ],
  "val_loss": [
    1.427179529311809,
    0.8254285442068222,
    0.5811967424889828,
    0.4165071242667259,
    0.2742582017436941,
    0.2029562549705201,
    0.17303521265374852,
    0.16607312311200387,
    0.14261413032704212,
    0.1466692625049581,
    0.14835629001893896,
    0.1336457292608758,
    0.13121487398413903,
    0.12858001063478755,
    0.12532765703632476
  ],
  "val_acc": [
    0.4653333333333333,
    0.5915,
    0.7535,
    0.9108333333333334,
    0.9456666666666667,
    0.9596666666666667,
    0.9615,
    0.965,
    0.9665,
    0.9663333333333334,
    0.9668333333333333,
    0.9698333333333333,
    0.9708333333333333,
    0.9708333333333333,
    0.9721666666666666
  ],
  "val_f1_macro": [
    0.3556430420866604,
    0.5095807706546378,
    0.6966958228316493,
    0.9099547399663155,
    0.9452694363589156,
    0.9595211501100509,
    0.9613905535082592,
    0.9647205057450206,
    0.9663750744506372,
    0.9661946283350507,
    0.9666914403716216,
    0.969692167138738,
    0.9707447298297136,
    0.9707306319780515,
    0.97207173433474
  ],
  "config": {
    "model": "hybrid",
    "epochs": 15,
    "batch_size": 128,
    "lr": 0.0005,
    "weight_decay": 0.0,
    "seed": 42,
    "num_workers": 2,
    "val_fraction": 0.1,
    "device": "cpu",
    "n_qubits": 8,
    "n_layers": 1
  },
  "device": "cpu"
}