{
  "train_loss": [
    2.028141970600562,
    1.4495917468274375,
    1.0416346802530696,
    0.8295276292127456,
    0.5351245008514955,
    0.28288858080221013,
    0.20296963996373082,
    0.16240476831016948,
    0.13662381104736532,
    0.11841687666896678,
    0.10024677415188596,
    0.09286254450184474,
    0.08122040791728344,
    0.07752481609653522,
    0.06621718577934667
  ],
  "val_loss": [
    1.7053429395594495,
    1.1620856269877007,
    0.8960610653491731,
    0.6898141909152904,
    0.30430162682178175,
    0.19522674128096154,
    0.15501058846712112,
    0.14614116273661878,
    0.13723732206098577,
    0.12387706022313301,
    0.11870551430323023,
    0.12663024473697582,
    0.11221296035070369,
    0.12350798009874973,
    0.10907826418096715
  ],
  "val_acc": [
    0.3035,
    0.5046666666666667,
    0.5973333333333334,
    0.7808333333333334,
    0.9443333333333334,
    0.9546666666666667,
    0.9593333333333334,
    0.9628333333333333,
    0.9651666666666666,
    0.9676666666666667,
    0.9678333333333333,
    0.9666666666666667,
    0.9718333333333333,
    0.9678333333333333,
    0.9703333333333334
  ],
  "val_f1_macro": [
    0.21655264065815674,
    0.41614758674671093,
    0.5249934013008305,
    0.7503473864567969,
    0.9445120602642086,
    0.9550809160568743,
    0.9596952798398106,
    0.9631427008296267,
    0.9654311945830951,
    0.9678481076854901,
    0.9681088852414304,
    0.9668634375575731,
    0.9720005977301623,
    0.9680216172929992,
    0.9704795391143879
  ],
  "config": {
    "model": "hybrid",
    "epochs": 15,
    "batch_size": 128,
    "lr": 0.0005,
    "weight_decay": 0.0,
    "seed": 42,
    "num_workers": 2,
    "val_fraction": 0.1,
    "device": "cpu",
    "n_qubits": 6,
    "n_layers": 2
  },
  "device": "cpu"
}