{
  "train_loss": [
    1.931742096964217,
    1.1364313993973754,
    0.5804526850369305,
    0.28964550489497976,
    0.18841698744568214,
    0.14314075265415188,
    0.11829616173536857,
    0.09865808319653521,
    0.08433624844715634,
    0.07289160600029179,
    0.06349439509830909,
    0.05669345530147236,
    0.055676130697095844,
    0.0518564263632371,
    0.04585588738317844
  ],
  "val_loss": [
    1.3994442579594064,
    0.8062735542337945,
    0.35138346793803765,
    0.19648839612590505,
    0.15509906807478438,
    0.12840349298525364,
    0.11545336642797957,
    0.11080904915294748,
    0.12069300423435708,
    0.10349263639209118,
    0.1013730812342243,
    0.10818606634881903,
    0.10918463144372119,
    0.09308220279660631,
    0.10969010229281922
  ],
  "val_acc": [
    0.49233333333333335,
    0.7418333333333333,
    0.9181666666666667,
    0.9516666666666667,
    0.96,
    0.9641666666666666,
    0.9711666666666666,
    0.9698333333333333,
    0.9675,
    0.9736666666666667,
    0.974,
    0.9721666666666666,
    0.9716666666666667,
    0.9763333333333334,
    0.9715
  ],
  "val_f1_macro": [
    0.41401039704153997,
    0.7037429294704696,
    0.9180182249464746,
    0.9517574938817892,
    0.9598796812834234,
    0.9641964962573117,
    0.9711561197141364,
    0.9699238681541329,
    0.9673962906667658,
    0.9735797687497625,
    0.9740311269436525,
    0.9721801684719784,
    0.9716907611631603,
    0.976317331987192,
    0.9714271145768745
  ],
  "config": {
    "model": "hybrid",
    "epochs": 15,
    "batch_size": 128,
    "lr": 0.0005,
    "weight_decay": 0.0,
    "seed": 42,
    "num_workers": 2,
    "val_fraction": 0.1,
    "device": "cpu",
    "n_qubits": 6,
    "n_layers": 3
  },
  "device": "cpu"
}