{
  "train_loss": [
    1.8873092583005462,
    1.2711283962873485,
    0.9124742962455298,
    0.5516503591673069,
    0.36702438147288363,
    0.2593276560730279,
    0.2066121307417962,
    0.17928451869054146,
    0.15817017121443533,
    0.13609999073978285,
    0.12608704404790677,
    0.11269936345570601,
    0.10441099962669809,
    0.09728574463700372,
    0.09195686993299503
  ],
  "val_loss": [
    1.416734550861602,
    1.050282432677898,
    0.657270425177635,
    0.43394260140175517,
    0.2599368371227954,
    0.2081684443227788,
    0.2049793025597613,
    0.18383603130883358,
    0.16886131180093644,
    0.1853356972495292,
    0.154292332325527,
    0.17982424193240226,
    0.1517458509733068,
    0.16370598274342557,
    0.1540444547984194
  ],
  "val_acc": [
    0.3265,
    0.5433333333333333,
    0.7735,
    0.8558333333333333,
    0.939,
    0.9471666666666667,
    0.949,
    0.9538333333333333,
    0.958,
    0.954,
    0.9605,
    0.9571666666666667,
    0.9608333333333333,
    0.9608333333333333,
    0.9611666666666666
  ],
  "val_f1_macro": [
    0.21663038492253395,
    0.47148911712474845,
    0.7502685914200538,
    0.8520565066030814,
    0.9389734423649942,
    0.9471735629411437,
    0.9488710710914354,
    0.9535269835683045,
    0.9577756802884492,
    0.9537336885446512,
    0.9603243294669757,
    0.9570399054982268,
    0.9607163745157244,
    0.9607078483185199,
    0.9609783408983456
  ],
  "config": {
    "model": "hybrid",
    "epochs": 15,
    "batch_size": 128,
    "lr": 0.0005,
    "weight_decay": 0.0,
    "seed": 42,
    "num_workers": 2,
    "val_fraction": 0.1,
    "device": "cpu",
    "n_qubits": 4,
    "n_layers": 1
  },
  "device": "cpu"
}