{
  "train_loss": [
    1.9052956358516386,
    1.019286082042337,
    0.4714097022586524,
    0.276796039211524,
    0.18852243235255306,
    0.15097968423324173,
    0.11717498934964575,
    0.09787907523778377,
    0.0846644683092197,
    0.07490046507286094,
    0.06983235763315271,
    0.05768528891842088,
    0.05682675233243201,
    0.05140858264397212,
    0.04608376584097443
  ],
  "val_loss": [
    1.472525710755206,
    0.5881958775063778,
    0.3093431845624396,
    0.2034614644152053,
    0.17772931447054477,
    0.14200517186459075,
    0.133098636852934,
    0.13253589767090818,
    0.11948484039687096,
    0.11784551419476245,
    0.11400096011447146,
    0.11804595736271524,
    0.11373901795199577,
    0.12410596124035247,
    0.12416855864068295
  ],
  "val_acc": [
    0.5461666666666667,
    0.8271666666666667,
    0.939,
    0.9528333333333333,
    0.9576666666666667,
    0.9661666666666666,
    0.9665,
    0.9661666666666666,
    0.9706666666666667,
    0.9703333333333334,
    0.9721666666666666,
    0.9751666666666666,
    0.9713333333333334,
    0.972,
    0.9738333333333333
  ],
  "val_f1_macro": [
    0.45259675854123305,
    0.8026419117393125,
    0.939304536029135,
    0.9528485376174818,
    0.9577067238375803,
    0.9661970913037079,
    0.9664054618417575,
    0.966063518365605,
    0.9706387855553243,
    0.9703386606335233,
    0.9721938102593036,
    0.9750915665032645,
    0.9713091980258669,
    0.9719587494445314,
    0.9737523158739434
  ],
  "config": {
    "model": "hybrid",
    "epochs": 15,
    "batch_size": 128,
    "lr": 0.0005,
    "weight_decay": 0.0,
    "seed": 42,
    "num_workers": 2,
    "val_fraction": 0.1,
    "device": "cpu",
    "n_qubits": 4,
    "n_layers": 2
  },
  "device": "cpu"
}