{
  "train_loss": [
    1.9065417153010435,
    1.035012981620445,
    0.4231377005647709,
    0.208653266625523,
    0.14557836208298308,
    0.11524032730768077,
    0.09858677543311323,
    0.083930989961312,
    0.07188383805437534,
    0.06924223736970204,
    0.059337198008204944,
    0.05531194997108343,
    0.05122519570725012,
    0.050270215449832664,
    0.042157583973167455
  ],
  "val_loss": [
    1.3774697552336024,
    0.608138215034566,
    0.22114639808522893,
    0.15355299215050452,
    0.13097983820641296,
    0.13017981610399612,
    0.11653294461838742,
    0.11445579709524804,
    0.1265104944084553,
    0.11090206168591976,
    0.11445688048100218,
    0.12503155108858297,
    0.11536345767610251,
    0.12047724195934356,
    0.13088787750321182
  ],
  "val_acc": [
    0.5243333333333333,
    0.885,
    0.9521666666666667,
    0.9636666666666667,
    0.9671666666666666,
    0.968,
    0.972,
    0.97,
    0.9683333333333334,
    0.9728333333333333,
    0.9723333333333334,
    0.9741666666666666,
    0.9743333333333334,
    0.9715,
    0.9748333333333333
  ],
  "val_f1_macro": [
    0.45038594133026744,
    0.883343062715991,
    0.9518240776617561,
    0.9635605489934684,
    0.9670223170035059,
    0.9678845353473091,
    0.9719436357750075,
    0.9699789998060862,
    0.9682662628850744,
    0.9727566456556549,
    0.9722602443067057,
    0.974113877804727,
    0.974226852960121,
    0.971423001002696,
    0.9748056668562572
  ],
  "config": {
    "model": "hybrid",
    "epochs": 15,
    "batch_size": 128,
    "lr": 0.0005,
    "weight_decay": 0.0,
    "seed": 42,
    "num_workers": 2,
    "val_fraction": 0.1,
    "device": "cpu",
    "n_qubits": 8,
    "n_layers": 2
  },
  "device": "cpu"
}