{
  "train_loss": [
    1.4426066303422667,
    0.4900148214322131,
    0.26086548532213644,
    0.17980944483554193,
    0.13975217719496144,
    0.11541083092267197,
    0.0972343423421455,
    0.08412187992731966,
    0.07447466382787726,
    0.0637170360732594,
    0.055949385090338255,
    0.051584418840988834,
    0.04375325890216023,
    0.04525655359129081,
    0.0410378515793196
  ],
  "val_loss": [
    0.7027054834873119,
    0.27258213022921945,
    0.18270565648662282,
    0.13973140684848137,
    0.12148438619964934,
    0.11568747627291273,
    0.10814162819309438,
    0.09650776311358873,
    0.09490174120490222,
    0.09071027850137746,
    0.0792050622998083,
    0.07955160848003753,
    0.08273331535623428,
    0.07956274118314081,
    0.08405876851967595
  ],
  "val_acc": [
    0.8546666666666667,
    0.938,
    0.9523333333333334,
    0.963,
    0.9668333333333333,
    0.9668333333333333,
    0.9693333333333334,
    0.974,
    0.975,
    0.9761666666666666,
    0.9781666666666666,
    0.9786666666666667,
    0.9793333333333333,
    0.9795,
    0.9795
  ],
  "val_f1_macro": [
    0.8552719341829086,
    0.9378183751005323,
    0.9521496069320416,
    0.9628861382724307,
    0.9667504006095922,
    0.9668195127490795,
    0.9692916714386385,
    0.9739538469202624,
    0.9749773440047351,
    0.9761854359217385,
    0.9781365169517008,
    0.9785965333045059,
    0.9792815286344488,
    0.9794938317924263,
    0.9794055216481995
  ],
  "config": {
    "model": "baseline",
    "epochs": 15,
    "batch_size": 128,
    "lr": 0.0005,
    "weight_decay": 0.0,
    "seed": 42,
    "num_workers": 2,
    "val_fraction": 0.1,
    "device": "cpu",
    "n_qubits": 6,
    "n_layers": 2
  },
  "device": "cpu"
}