{
  "train_loss": [
    1.9433034794025512,
    1.0970575166822045,
    0.7675134812203629,
    0.6201153851657117,
    0.4803588900944633
  ],
  "val_loss": [
    1.472202813371699,
    0.8312491115103376,
    0.7004238608035636,
    0.5334436360825884,
    0.43026649064206063
  ],
  "val_acc": [
    0.6056666666666667,
    0.6746666666666666,
    0.7363333333333333,
    0.8468333333333333,
    0.8926666666666667
  ],
  "val_f1_macro": [
    0.5333713418458715,
    0.6122824111147838,
    0.7126103899215716,
    0.8442913965768394,
    0.8911150370216256
  ],
  "config": {
    "model": "hybrid",
    "epochs": 5,
    "batch_size": 128,
    "lr": 0.001,
    "weight_decay": 0.0,
    "seed": 42,
    "num_workers": 2,
    "val_fraction": 0.1,
    "device": "cpu",
    "n_qubits": 6,
    "n_layers": 2
  },
  "device": "cpu"
}